Municipality Name,County, Total,,,,,,,,,,,,,,,
Aberdeen township,Monmouth,139502619,,,,,,,,,,,,,,,
Alexandria township,Hunterdon,33532759,,,,,,,,,,,,,,,
Allamuchy township,Warren,35192623,,,,,,,,,,,,,,,
Allendale borough,Bergen,56912150,,,,,,,,,,,,,,,
Allenhurst borough,Monmouth,3437744,,,,,,,,,,,,,,,
Allentown borough,Monmouth,11680887,,,,,,,,,,,,,,,
Alpha borough,Warren,22297646,,,,,,,,,,,,,,,
Alpine borough,Bergen,12019549,,,,,,,,,,,,,,,
Andover borough,Sussex,6042560,,,,,,,,,,,,,,,
Andover township,Sussex,57711133,,,,,,,,,,,,,,,
Asbury Park city,Monmouth,98882131,,,,,,,,,,,,,,,
Atlantic Highlands borough,Monmouth,32863225,,,,,,,,,,,,,,,
Audubon borough,Camden,54472600,,,,,,,,,,,,,,,
Audubon Park borough,Camden,5649105,,,,,,,,,,,,,,,
Avon-by-the-Sea borough,Monmouth,10678864,,,,,,,,,,,,,,,
Barnegat Light borough,Ocean,3726478,,,,,,,,,,,,,,,
Barnegat township,Ocean,134914455,,,,,,,,,,,,,,,
Barrington borough,Camden,52712935,,,,,,,,,,,,,,,
Bass River township,Burlington,18081005,,,,,,,,,,,,,,,
Bay Head borough,Ocean,6522351,,,,,,,,,,,,,,,
Bayonne city,Hudson,257727312,,,,,,,,,,,,,,,
Beach Haven borough,Ocean,11217491,,,,,,,,,,,,,,,
Beachwood borough,Ocean,48224184,,,,,,,,,,,,,,,
Bedminster township,Somerset,132716290,,,,,,,,,,,,,,,
Belleville township,Essex,165951110,,,,,,,,,,,,,,,
Bellmawr borough,Camden,102880725,,,,,,,,,,,,,,,
Belmar borough,Monmouth,39077215,,,,,,,,,,,,,,,
Belvidere town,Warren,30450111,,,,,,,,,,,,,,,
Bergenfield borough,Bergen,124471651,,,,,,,,,,,,,,,
Berkeley Heights township,Union,112226904,,,,,,,,,,,,,,,
Berkeley township,Ocean,241315662,,,,,,,,,,,,,,,
Berlin borough,Camden,66634400,,,,,,,,,,,,,,,
Berlin township,Camden,71892955,,,,,,,,,,,,,,,
Bernards township,Somerset,283562713,,,,,,,,,,,,,,,
Bernardsville borough,Somerset,69483514,,,,,,,,,,,,,,,
Bethlehem township,Hunterdon,51573791,,,,,,,,,,,,,,,
Beverly city,Burlington,11022270,,,,,,,,,,,,,,,
Blairstown township,Warren,47594582,,,,,,,,,,,,,,,
Bloomfield township,Essex,226728483,,,,,,,,,,,,,,,
Bloomingdale borough,Passaic,60489395,,,,,,,,,,,,,,,
Bloomsbury borough,Hunterdon,11604974,,,,,,,,,,,,,,,
Bogota borough,Bergen,34076155,,,,,,,,,,,,,,,
Boonton town,Morris,104126589,,,,,,,,,,,,,,,
Boonton township,Morris,30182027,,,,,,,,,,,,,,,
Bordentown city,Burlington,35392955,,,,,,,,,,,,,,,
Bordentown township,Burlington,138239370,,,,,,,,,,,,,,,
Bound Brook borough,Somerset,91493230,,,,,,,,,,,,,,,
Bradley Beach borough,Monmouth,24486786,,,,,,,,,,,,,,,
Branchburg township,Somerset,217105210,,,,,,,,,,,,,,,
Branchville borough,Sussex,9272168,,,,,,,,,,,,,,,
Brick township,Ocean,489756322,,,,,,,,,,,,,,,
Bridgewater township,Somerset,514467197,,,,,,,,,,,,,,,
Brielle borough,Monmouth,31524015,,,,,,,,,,,,,,,
Brooklawn borough,Camden,15576010,,,,,,,,,,,,,,,
Burlington city,Burlington,75129410,,,,,,,,,,,,,,,
Burlington township,Burlington,282884490,,,,,,,,,,,,,,,
Butler borough,Morris,75963289,,,,,,,,,,,,,,,
Byram township,Sussex,66290354,,,,,,,,,,,,,,,
Caldwell borough,Essex,55349129,,,,,,,,,,,,,,,
Califon borough,Hunterdon,7639621,,,,,,,,,,,,,,,
Camden city,Camden,449580355,,,,,,,,,,,,,,,
Carlstadt borough,Bergen,155498843,,,,,,,,,,,,,,,
Carteret borough,Middlesex,196858433,,,,,,,,,,,,,,,
Cedar Grove township,Essex,82665348,,,,,,,,,,,,,,,
Chatham borough,Morris,74551361,,,,,,,,,,,,,,,
Chatham township,Morris,57483144,,,,,,,,,,,,,,,
Cherry Hill township,Camden,710510095,,,,,,,,,,,,,,,
Chesilhurst borough,Camden,8932645,,,,,,,,,,,,,,,
Chester borough,Morris,53099344,,,,,,,,,,,,,,,
Chester township,Morris,56068913,,,,,,,,,,,,,,,
Chesterfield township,Burlington,45851300,,,,,,,,,,,,,,,
Cinnaminson township,Burlington,137933500,,,,,,,,,,,,,,,
City of Orange township,Essex,121330662,,,,,,,,,,,,,,,
Clark township,Union,112119094,,,,,,,,,,,,,,,
Clayton borough,Gloucester,71722865,,,,,,,,,,,,,,,
Clementon borough,Camden,29699320,,,,,,,,,,,,,,,
Cliffside Park borough,Bergen,90108499,,,,,,,,,,,,,,,
Clifton city,Passaic,574080254,,,,,,,,,,,,,,,
Clinton town,Hunterdon,57708808,,,,,,,,,,,,,,,
Clinton township,Hunterdon,115702785,,,,,,,,,,,,,,,
Closter borough,Bergen,68742946,,,,,,,,,,,,,,,
Collingswood borough,Camden,79551020,,,,,,,,,,,,,,,
Colts Neck township,Monmouth,106640477,,,,,,,,,,,,,,,
Cranbury township,Middlesex,100232908,,,,,,,,,,,,,,,
Cranford township,Union,210822189,,,,,,,,,,,,,,,
Cresskill borough,Bergen,60618174,,,,,,,,,,,,,,,
Deal borough,Monmouth,7901547,,,,,,,,,,,,,,,
Delanco township,Burlington,27081175,,,,,,,,,,,,,,,
Delaware township,Hunterdon,27458750,,,,,,,,,,,,,,,
Delran township,Burlington,117897555,,,,,,,,,,,,,,,
Demarest borough,Bergen,29341104,,,,,,,,,,,,,,,
Denville township,Morris,219134967,,,,,,,,,,,,,,,
Deptford township,Gloucester,315853845,,,,,,,,,,,,,,,
Dover town,Morris,164348875,,,,,,,,,,,,,,,
Dumont borough,Bergen,86762800,,,,,,,,,,,,,,,
Dunellen borough,Middlesex,35282388,,,,,,,,,,,,,,,
Eagleswood township,Ocean,25969745,,,,,,,,,,,,,,,
East Amwell township,Hunterdon,29294117,,,,,,,,,,,,,,,
East Brunswick township,Middlesex,406672400,,,,,,,,,,,,,,,
East Greenwich township,Gloucester,86213365,,,,,,,,,,,,,,,
East Hanover township,Morris,219495373,,,,,,,,,,,,,,,
East Newark borough,Hudson,7804031,,,,,,,,,,,,,,,
East Orange city,Essex,249216556,,,,,,,,,,,,,,,
East Rutherford borough,Bergen,195593361,,,,,,,,,,,,,,,
East Windsor township,Mercer,238489540,,,,,,,,,,,,,,,
Eastampton township,Burlington,35747735,,,,,,,,,,,,,,,
Eatontown borough,Monmouth,234781714,,,,,,,,,,,,,,,
Edgewater borough,Bergen,88555531,,,,,,,,,,,,,,,
Edgewater Park township,Burlington,54598160,,,,,,,,,,,,,,,
Edison township,Middlesex,1119929841,,,,,,,,,,,,,,,
Elizabeth city,Union,1301629756,,,,,,,,,,,,,,,
Elk township,Gloucester,37855610,,,,,,,,,,,,,,,
Elmwood Park borough,Bergen,184104886,,,,,,,,,,,,,,,
Emerson borough,Bergen,54577546,,,,,,,,,,,,,,,
Englewood city,Bergen,209626312,,,,,,,,,,,,,,,
Englewood Cliffs borough,Bergen,70387621,,,,,,,,,,,,,,,
Englishtown borough,Monmouth,17791486,,,,,,,,,,,,,,,
Essex Fells borough,Essex,9038618,,,,,,,,,,,,,,,
Evesham township,Burlington,350172970,,,,,,,,,,,,,,,
Ewing township,Mercer,319977615,,,,,,,,,,,,,,,
Fair Haven borough,Monmouth,24753173,,,,,,,,,,,,,,,
Fair Lawn borough,Bergen,258693360,,,,,,,,,,,,,,,
Fairfield township,Essex,267236588,,,,,,,,,,,,,,,
Fairview borough,Bergen,59031542,,,,,,,,,,,,,,,
Fanwood borough,Union,36522568,,,,,,,,,,,,,,,
Far Hills borough,Somerset,10924833,,,,,,,,,,,,,,,
Farmingdale borough,Monmouth,31746525,,,,,,,,,,,,,,,
Fieldsboro borough,Burlington,4586225,,,,,,,,,,,,,,,
Flemington borough,Hunterdon,152085885,,,,,,,,,,,,,,,
Florence township,Burlington,134981380,,,,,,,,,,,,,,,
Florham Park borough,Morris,232202234,,,,,,,,,,,,,,,
Fort Lee borough,Bergen,236314418,,,,,,,,,,,,,,,
Frankford township,Sussex,58676125,,,,,,,,,,,,,,,
Franklin borough,Sussex,62452314,,,,,,,,,,,,,,,
Franklin Lakes borough,Bergen,152966127,,,,,,,,,,,,,,,
Franklin township,Gloucester,140213290,,,,,,,,,,,,,,,
Franklin township,Hunterdon,38214185,,,,,,,,,,,,,,,
Franklin township,Somerset,564290245,,,,,,,,,,,,,,,
Franklin township,Warren,20177713,,,,,,,,,,,,,,,
Fredon township,Sussex,31018433,,,,,,,,,,,,,,,
Freehold borough,Monmouth,92947511,,,,,,,,,,,,,,,
Freehold township,Monmouth,471652329,,,,,,,,,,,,,,,
Frelinghuysen township,Warren,11065866,,,,,,,,,,,,,,,
Frenchtown borough,Hunterdon,14256676,,,,,,,,,,,,,,,
Garfield city,Bergen,176813666,,,,,,,,,,,,,,,
Garwood borough,Union,33968946,,,,,,,,,,,,,,,
Gibbsboro borough,Camden,27766280,,,,,,,,,,,,,,,
Glassboro borough,Gloucester,182928145,,,,,,,,,,,,,,,
Glen Gardner borough,Hunterdon,11412039,,,,,,,,,,,,,,,
Glen Ridge borough,Essex,21014955,,,,,,,,,,,,,,,
Glen Rock borough,Bergen,63758258,,,,,,,,,,,,,,,
Gloucester City city,Camden,82535990,,,,,,,,,,,,,,,
Gloucester township,Camden,477310865,,,,,,,,,,,,,,,
Green Brook township,Sussex,70552833,,,,,,,,,,,,,,,
Green township,Somerset,23460946,,,,,,,,,,,,,,,
Greenwich township,Gloucester,54655100,,,,,,,,,,,,,,,
Greenwich township,Warren,42503588,,,,,,,,,,,,,,,
Guttenberg town,Hudson,23643835,,,,,,,,,,,,,,,
Hackensack city,Bergen,529538853,,,,,,,,,,,,,,,
Hackettstown town,Warren,109292800,,,,,,,,,,,,,,,
Haddon Heights borough,Camden,58137565,,,,,,,,,,,,,,,
Haddon township,Camden,90335310,,,,,,,,,,,,,,,
Haddonfield borough,Camden,92376390,,,,,,,,,,,,,,,
Hainesport township,Burlington,56944380,,,,,,,,,,,,,,,
Haledon borough,Passaic,34290397,,,,,,,,,,,,,,,
Hamburg borough,Sussex,30530282,,,,,,,,,,,,,,,
Hamilton township,Mercer,809715635,,,,,,,,,,,,,,,
Hampton borough,Hunterdon,11225701,,,,,,,,,,,,,,,
Hampton township,Sussex,40266552,,,,,,,,,,,,,,,
Hanover township,Morris,243638680,,,,,,,,,,,,,,,
Harding township,Morris,24696045,,,,,,,,,,,,,,,
Hardwick township,Warren,8439017,,,,,,,,,,,,,,,
Hardyston township,Sussex,61365154,,,,,,,,,,,,,,,
Harmony township,Warren,17138948,,,,,,,,,,,,,,,
Harrington Park borough,Bergen,35030820,,,,,,,,,,,,,,,
Harrison town,Hudson,70002112,,,,,,,,,,,,,,,
Harrison township,Gloucester,123728795,,,,,,,,,,,,,,,
Harvey Cedars borough,Ocean,3782858,,,,,,,,,,,,,,,
Hasbrouck Heights borough,Bergen,77812298,,,,,,,,,,,,,,,
Haworth borough,Bergen,22191020,,,,,,,,,,,,,,,
Hawthorne borough,Passaic,132447158,,,,,,,,,,,,,,,
Hazlet township,Monmouth,152385786,,,,,,,,,,,,,,,
Helmetta borough,Middlesex,14051981,,,,,,,,,,,,,,,
High Bridge borough,Hunterdon,28322990,,,,,,,,,,,,,,,
Highland Park borough,Middlesex,79257117,,,,,,,,,,,,,,,
Highlands borough,Monmouth,32501782,,,,,,,,,,,,,,,
Hightstown borough,Mercer,43169645,,,,,,,,,,,,,,,
Hillsborough township,Somerset,304710806,,,,,,,,,,,,,,,
Hillsdale borough,Bergen,64960427,,,,,,,,,,,,,,,
Hillside township,Union,147429275,,,,,,,,,,,,,,,
Hi-Nella borough,Camden,6486780,,,,,,,,,,,,,,,
Hoboken city,Hudson,167122156,,,,,,,,,,,,,,,
Ho-Ho-Kus borough,Bergen,26287994,,,,,,,,,,,,,,,
Holland township,Hunterdon,36335412,,,,,,,,,,,,,,,
Holmdel township,Monmouth,186210731,,,,,,,,,,,,,,,
Hopatcong borough,Sussex,115014742,,,,,,,,,,,,,,,
Hope township,Warren,14789792,,,,,,,,,,,,,,,
Hopewell borough,Mercer,21120360,,,,,,,,,,,,,,,
Hopewell township,Mercer,221178685,,,,,,,,,,,,,,,
Howell township,Monmouth,431677512,,,,,,,,,,,,,,,
Independence township,Warren,27838235,,,,,,,,,,,,,,,
Interlaken borough,Monmouth,2981589,,,,,,,,,,,,,,,
Irvington township,Essex,195926169,,,,,,,,,,,,,,,
Island Heights borough,Ocean,9298216,,,,,,,,,,,,,,,
Jackson township,Ocean,460270907,,,,,,,,,,,,,,,
Jamesburg borough,Middlesex,54953385,,,,,,,,,,,,,,,
Jefferson township,Morris,169175955,,,,,,,,,,,,,,,
Jersey City city,Hudson,995632309,,,,,,,,,,,,,,,
Keansburg borough,Monmouth,36902614,,,,,,,,,,,,,,,
Kearny town,Hudson,230236743,,,,,,,,,,,,,,,
Kenilworth borough,Union,160526432,,,,,,,,,,,,,,,
Keyport borough,Monmouth,67112201,,,,,,,,,,,,,,,
Kingwood township,Hunterdon,30158782,,,,,,,,,,,,,,,
Kinnelon borough,Morris,68645414,,,,,,,,,,,,,,,
Knowlton township,Warren,23910953,,,,,,,,,,,,,,,
Lacey township,Ocean,188188773,,,,,,,,,,,,,,,
Lafayette township,Sussex,34274050,,,,,,,,,,,,,,,
Lake Como borough,Monmouth,9512538,,,,,,,,,,,,,,,
Lakehurst borough,Ocean,26148517,,,,,,,,,,,,,,,
Lakewood township,Ocean,598515992,,,,,,,,,,,,,,,
Lambertville city,Hunterdon,43340405,,,,,,,,,,,,,,,
Laurel Springs borough,Camden,10383885,,,,,,,,,,,,,,,
Lavallette borough,Ocean,10523036,,,,,,,,,,,,,,,
Lawnside borough,Camden,34317300,,,,,,,,,,,,,,,
Lawrence township,Mercer,411478370,,,,,,,,,,,,,,,
Lebanon borough,Hunterdon,37484377,,,,,,,,,,,,,,,
Lebanon township,Hunterdon,37621440,,,,,,,,,,,,,,,
Leonia borough,Bergen,49373594,,,,,,,,,,,,,,,
Liberty township,Warren,14695473,,,,,,,,,,,,,,,
Lincoln Park borough,Morris,98512995,,,,,,,,,,,,,,,
Linden city,Union,315949375,,,,,,,,,,,,,,,
Lindenwold borough,Camden,88849760,,,,,,,,,,,,,,,
Little Egg Harbor township,Ocean,156529054,,,,,,,,,,,,,,,
Little Falls township,Passaic,106443493,,,,,,,,,,,,,,,
Little Ferry borough,Bergen,75956572,,,,,,,,,,,,,,,
Little Silver borough,Monmouth,40042766,,,,,,,,,,,,,,,
Livingston township,Essex,293859944,,,,,,,,,,,,,,,
Loch Arbour village,Monmouth,856687,,,,,,,,,,,,,,,
Lodi borough,Bergen,150783235,,,,,,,,,,,,,,,
Logan township,Gloucester,159526535,,,,,,,,,,,,,,,
Long Beach township,Ocean,30325950,,,,,,,,,,,,,,,
Long Branch city,Monmouth,202782705,,,,,,,,,,,,,,,
Long Hill township,Morris,79529978,,,,,,,,,,,,,,,
Lopatcong township,Warren,56846659,,,,,,,,,,,,,,,
Lumberton township,Burlington,111758985,,,,,,,,,,,,,,,
Lyndhurst township,Bergen,180664635,,,,,,,,,,,,,,,
Madison borough,Morris,156957273,,,,,,,,,,,,,,,
Magnolia borough,Camden,26049320,,,,,,,,,,,,,,,
Mahwah township,Bergen,340951480,,,,,,,,,,,,,,,
Manalapan township,Monmouth,264331516,,,,,,,,,,,,,,,
Manasquan borough,Monmouth,36598162,,,,,,,,,,,,,,,
Manchester township,Ocean,288809275,,,,,,,,,,,,,,,
Mansfield township,Burlington,81082195,,,,,,,,,,,,,,,
Mansfield township,Warren,43768560,,,,,,,,,,,,,,,
Mantoloking borough,Ocean,1400881,,,,,,,,,,,,,,,
Mantua township,Gloucester,136763310,,,,,,,,,,,,,,,
Manville borough,Somerset,64944693,,,,,,,,,,,,,,,
Maple Shade township,Burlington,124333235,,,,,,,,,,,,,,,
Maplewood township,Essex,108686833,,,,,,,,,,,,,,,
Marlboro township,Monmouth,288402915,,,,,,,,,,,,,,,
Matawan borough,Monmouth,85193948,,,,,,,,,,,,,,,
Maywood borough,Bergen,61497797,,,,,,,,,,,,,,,
Medford Lakes borough,Burlington,21765315,,,,,,,,,,,,,,,
Medford township,Burlington,188308610,,,,,,,,,,,,,,,
Mendham borough,Morris,47335721,,,,,,,,,,,,,,,
Mendham township,Morris,35427333,,,,,,,,,,,,,,,
Merchantville borough,Camden,21654720,,,,,,,,,,,,,,,
Metuchen borough,Middlesex,105812455,,,,,,,,,,,,,,,
Middlesex borough,Middlesex,130566518,,,,,,,,,,,,,,,
Middletown township,Monmouth,455495249,,,,,,,,,,,,,,,
Midland Park borough,Bergen,67025762,,,,,,,,,,,,,,,
Milford borough,Hunterdon,10716115,,,,,,,,,,,,,,,
Millburn township,Essex,217551283,,,,,,,,,,,,,,,
Millstone borough,Somerset,2027223,,,,,,,,,,,,,,,
Millstone township,Monmouth,79915630,,,,,,,,,,,,,,,
Milltown borough,Middlesex,69329774,,,,,,,,,,,,,,,
Mine Hill township,Morris,24705852,,,,,,,,,,,,,,,
Monmouth Beach borough,Monmouth,18914002,,,,,,,,,,,,,,,
Monroe township,Salem,274707395,,,,,,,,,,,,,,,
Monroe township,Middlesex,256666590,,,,,,,,,,,,,,,
Montague township,Sussex,31975061,,,,,,,,,,,,,,,
Montclair township,Essex,283839096,,,,,,,,,,,,,,,
Montgomery township,Somerset,177592577,,,,,,,,,,,,,,,
Montvale borough,Bergen,91762416,,,,,,,,,,,,,,,
Montville township,Morris,239040282,,,,,,,,,,,,,,,
Moonachie borough,Bergen,74325332,,,,,,,,,,,,,,,
Moorestown township,Burlington,254856140,,,,,,,,,,,,,,,
Morris Plains borough,Morris,97727664,,,,,,,,,,,,,,,
Morris township,Morris,176943716,,,,,,,,,,,,,,,
Morristown town,Morris,443331064,,,,,,,,,,,,,,,
Mount Arlington borough,Morris,55762570,,,,,,,,,,,,,,,
Mount Ephraim borough,Camden,30988865,,,,,,,,,,,,,,,
Mount Holly township,Burlington,97692980,,,,,,,,,,,,,,,
Mount Laurel township,Burlington,479226020,,,,,,,,,,,,,,,
Mount Olive township,Morris,286678948,,,,,,,,,,,,,,,
Mountain Lakes borough,Morris,54151990,,,,,,,,,,,,,,,
Mountainside borough,Union,86885995,,,,,,,,,,,,,,,
National Park borough,Gloucester,19572030,,,,,,,,,,,,,,,
Neptune City borough,Monmouth,33414279,,,,,,,,,,,,,,,
Neptune township,Monmouth,265195814,,,,,,,,,,,,,,,
Netcong borough,Morris,55720031,,,,,,,,,,,,,,,
New Brunswick city,Middlesex,485864849,,,,,,,,,,,,,,,
New Hanover township,Burlington,68463050,,,,,,,,,,,,,,,
New Milford borough,Bergen,78558342,,,,,,,,,,,,,,,
New Providence borough,Union,112199075,,,,,,,,,,,,,,,
Newark city,Essex,2438769639,,,,,,,,,,,,,,,
Newfield borough,Gloucester,17088205,,,,,,,,,,,,,,,
Newton town,Sussex,92690477,,,,,,,,,,,,,,,
North Arlington borough,Bergen,81867226,,,,,,,,,,,,,,,
North Bergen township,Hudson,269316953,,,,,,,,,,,,,,,
North Brunswick township,Middlesex,379351181,,,,,,,,,,,,,,,
North Caldwell borough,Essex,23606631,,,,,,,,,,,,,,,
North Haledon borough,Passaic,46894980,,,,,,,,,,,,,,,
North Hanover township,Burlington,45849110,,,,,,,,,,,,,,,
North Plainfield borough,Somerset,119175435,,,,,,,,,,,,,,,
Northvale borough,Bergen,40814351,,,,,,,,,,,,,,,
Norwood borough,Bergen,39066190,,,,,,,,,,,,,,,
Nutley township,Essex,163677088,,,,,,,,,,,,,,,
Oakland borough,Bergen,155232927,,,,,,,,,,,,,,,
Oaklyn borough,Camden,22415380,,,,,,,,,,,,,,,
Ocean Gate borough,Ocean,9504829,,,,,,,,,,,,,,,
Ocean township,Monmouth,233158635,,,,,,,,,,,,,,,
Ocean township,Ocean,56178906,,,,,,,,,,,,,,,
Oceanport borough,Monmouth,74727776,,,,,,,,,,,,,,,
Ogdensburg borough,Sussex,30302977,,,,,,,,,,,,,,,
Old Bridge township,Middlesex,429226308,,,,,,,,,,,,,,,
Old Tappan borough,Bergen,35675069,,,,,,,,,,,,,,,
Oradell borough,Bergen,58311851,,,,,,,,,,,,,,,
Oxford township,Warren,23508345,,,,,,,,,,,,,,,
Palisades Park borough,Bergen,119499410,,,,,,,,,,,,,,,
Palmyra borough,Burlington,43172200,,,,,,,,,,,,,,,
Paramus borough,Bergen,611964572,,,,,,,,,,,,,,,
Park Ridge borough,Bergen,62295240,,,,,,,,,,,,,,,
Parsippany-Troy Hills township,Morris,772395820,,,,,,,,,,,,,,,
Passaic city,Passaic,276614975,,,,,,,,,,,,,,,
Paterson city,Passaic,756477442,,,,,,,,,,,,,,,
Paulsboro borough,Gloucester,49760450,,,,,,,,,,,,,,,
Peapack and Gladstone borough,Somerset,30937994,,,,,,,,,,,,,,,
Pemberton borough,Burlington,10604710,,,,,,,,,,,,,,,
Pemberton township,Burlington,198736295,,,,,,,,,,,,,,,
Pennington borough,Mercer,30043515,,,,,,,,,,,,,,,
Pennsauken township,Camden,283465205,,,,,,,,,,,,,,,
Pequannock township,Morris,153990215,,,,,,,,,,,,,,,
Perth Amboy city,Middlesex,309262788,,,,,,,,,,,,,,,
Phillipsburg town,Warren,86202466,,,,,,,,,,,,,,,
Pine Beach borough,Ocean,10140628,,,,,,,,,,,,,,,
Pine Hill borough,Camden,55503360,,,,,,,,,,,,,,,
Pine Valley borough,Camden,1516940,,,,,,,,,,,,,,,
Piscataway township,Middlesex,619880498,,,,,,,,,,,,,,,
Pitman borough,Gloucester,58655135,,,,,,,,,,,,,,,
Plainfield city,Union,241843260,,,,,,,,,,,,,,,
Plainsboro township,Middlesex,272979493,,,,,,,,,,,,,,,
Plumsted township,Ocean,78631074,,,,,,,,,,,,,,,
Pohatcong township,Warren,33016298,,,,,,,,,,,,,,,
Point Pleasant Beach borough,Ocean,49504163,,,,,,,,,,,,,,,
Point Pleasant borough,Ocean,112095047,,,,,,,,,,,,,,,
Pompton Lakes borough,Passaic,80845782,,,,,,,,,,,,,,,
Portland,Cumberland, 112095047,,,,,,,,,,,,,,,
Princeton,Mercer,283315920,,,,,,,,,,,,,,,
Prospect Park borough,Passaic,19990939,,,,,,,,,,,,,,,
Rahway city,Union,198615391,,,,,,,,,,,,,,,
Ramsey borough,Bergen,192818353,,,,,,,,,,,,,,,
Randolph township,Morris,242198895,,,,,,,,,,,,,,,
Raritan borough,Hunterdon,122517138,,,,,,,,,,,,,,,
Raritan township,Somerset,208889873,,,,,,,,,,,,,,,
Readington township,Hunterdon,131797473,,,,,,,,,,,,,,,
Red Bank borough,Monmouth,161606393,,,,,,,,,,,,,,,
Ridgefield borough,Bergen,90409589,,,,,,,,,,,,,,,
Ridgefield Park village,Bergen,83493840,,,,,,,,,,,,,,,
Ridgewood village,Bergen,192126184,,,,,,,,,,,,,,,
Ringwood borough,Passaic,86353494,,,,,,,,,,,,,,,
River Edge borough,Bergen,66382431,,,,,,,,,,,,,,,
River Vale township,Bergen,61248509,,,,,,,,,,,,,,,
Riverdale borough,Morris,64994515,,,,,,,,,,,,,,,
Riverside township,Burlington,36658775,,,,,,,,,,,,,,,
Riverton borough,Burlington,15536225,,,,,,,,,,,,,,,
Robbinsville township,Mercer,139148950,,,,,,,,,,,,,,,
Rochelle Park township,Bergen,69826051,,,,,,,,,,,,,,,
Rockaway borough,Morris,112405762,,,,,,,,,,,,,,,
Rockaway township,Morris,270413057,,,,,,,,,,,,,,,
Rockleigh borough,Bergen,14154710,,,,,,,,,,,,,,,
Rocky Hill borough,Somerset,7710002,,,,,,,,,,,,,,,
Roosevelt borough,Monmouth,9276567,,,,,,,,,,,,,,,
Roseland borough,Essex,100432947,,,,,,,,,,,,,,,
Roselle borough,Union,98298754,,,,,,,,,,,,,,,
Roselle Park borough,Union,58019977,,,,,,,,,,,,,,,
Roxbury township,Morris,265055306,,,,,,,,,,,,,,,
Rumson borough,Monmouth,35030287,,,,,,,,,,,,,,,
Runnemede borough,Camden,61644850,,,,,,,,,,,,,,,
Rutherford borough,Bergen,118570853,,,,,,,,,,,,,,,
Saddle Brook township,Bergen,135660895,,,,,,,,,,,,,,,
Saddle River borough,Bergen,60760033,,,,,,,,,,,,,,,
Sandyston township,Sussex,16167433,,,,,,,,,,,,,,,
Sayreville borough,Middlesex,316497099,,,,,,,,,,,,,,,
Scotch Plains township,Union,142207155,,,,,,,,,,,,,,,
Sea Bright borough,Monmouth,11735226,,,,,,,,,,,,,,,
Sea Girt borough,Monmouth,14843958,,,,,,,,,,,,,,,
Seaside Heights borough,Ocean,0,,,,,,,,,,,,,,,
Seaside Park borough,Ocean,8702254,,,,,,,,,,,,,,,
Secaucus town,Hudson,344776452,,,,,,,,,,,,,,,
Shamong township,Burlington,41611825,,,,,,,,,,,,,,,
Ship Bottom borough,Ocean,23848340,,,,,,,,,,,,,,,
Shrewsbury borough,Monmouth,69404948,,,,,,,,,,,,,,,
Shrewsbury township,Monmouth,13878171,,,,,,,,,,,,,,,
Somerdale borough,Camden,39257575,,,,,,,,,,,,,,,
Somerville borough,Somerset,196397868,,,,,,,,,,,,,,,
South Amboy city,Middlesex,55094611,,,,,,,,,,,,,,,
South Bound Brook borough,Somerset,24755165,,,,,,,,,,,,,,,
South Brunswick township,Middlesex,490989496,,,,,,,,,,,,,,,
South Hackensack township,Bergen,0,,,,,,,,,,,,,,,
South Harrison township,Gloucester,24986440,,,,,,,,,,,,,,,
South Orange Village township,Essex,93743702,,,,,,,,,,,,,,,
South Plainfield borough,Middlesex,259808838,,,,,,,,,,,,,,,
South River borough,Middlesex,96078630,,,,,,,,,,,,,,,
South Toms River borough,Ocean,18000274,,,,,,,,,,,,,,,
Southampton township,Burlington,77080700,,,,,,,,,,,,,,,
Sparta township,Sussex,165038460,,,,,,,,,,,,,,,
Spotswood borough,Middlesex,50584124,,,,,,,,,,,,,,,
Spring Lake borough,Monmouth,16060326,,,,,,,,,,,,,,,
Spring Lake Heights borough,Monmouth,33364141,,,,,,,,,,,,,,,
Springfield township,Burlington,32651805,,,,,,,,,,,,,,,
Springfield township,Union,158471742,,,,,,,,,,,,,,,
Stafford township,Ocean,269233230,,,,,,,,,,,,,,,
Stanhope borough,Sussex,57917008,,,,,,,,,,,,,,,
Stillwater township,Sussex,28521489,,,,,,,,,,,,,,,
Stockton borough,Hunterdon,5732368,,,,,,,,,,,,,,,
Stratford borough,Camden,45835970,,,,,,,,,,,,,,,
Summit city,Union,222093653,,,,,,,,,,,,,,,
Surf City borough,Ocean,0,,,,,,,,,,,,,,,
Sussex borough,Sussex,23638837,,,,,,,,,,,,,,,
Swedesboro borough,Gloucester,26186925,,,,,,,,,,,,,,,
Tabernacle township,Burlington,47794925,,,,,,,,,,,,,,,
Tavistock borough,Camden,454790,,,,,,,,,,,,,,,
Teaneck township,Bergen,259415086,,,,,,,,,,,,,,,
Tenafly borough,Bergen,80320000,,,,,,,,,,,,,,,
Teterboro borough,Bergen,128434911,,,,,,,,,,,,,,,
Tewksbury township,Hunterdon,49655573,,,,,,,,,,,,,,,
Tinton Falls borough,Monmouth,215379333,,,,,,,,,,,,,,,
Toms River township,Ocean,737314796,,,,,,,,,,,,,,,
Totowa borough,Passaic,166790738,,,,,,,,,,,,,,,
Trenton city,Mercer,629828305,,,,,,,,,,,,,,,
Tuckerton borough,Ocean,29596659,,,,,,,,,,,,,,,
Union Beach borough,Monmouth,63282952,,,,,,,,,,,,,,,
Union City city,Hudson,162555420,,,,,,,,,,,,,,,
Union township,Hunterdon,34720636,,,,,,,,,,,,,,,
Union township,Union,501666263,,,,,,,,,,,,,,,
Upper Freehold township,Monmouth,47953632,,,,,,,,,,,,,,,
Upper Saddle River borough,Bergen,77397612,,,,,,,,,,,,,,,
Vernon township,Sussex,206721739,,,,,,,,,,,,,,,
Verona township,Essex,76773651,,,,,,,,,,,,,,,
Victory Gardens borough,Morris,9008751,,,,,,,,,,,,,,,
Voorhees township,Camden,261780555,,,,,,,,,,,,,,,
Waldwick borough,Bergen,76984921,,,,,,,,,,,,,,,
Wall township,Monmouth,308339672,,,,,,,,,,,,,,,
Wallington borough,Bergen,75732602,,,,,,,,,,,,,,,
Walpack township,Sussex,49367,,,,,,,,,,,,,,,
Wanaque borough,Passaic,94072336,,,,,,,,,,,,,,,
Wantage township,Sussex,79403544,,,,,,,,,,,,,,,
Warren township,Somerset,177156942,,,,,,,,,,,,,,,
Washington borough,Warren,41564954,,,,,,,,,,,,,,,
Washington township,Bergen,51842277,,,,,,,,,,,,,,,
Washington township,Burlington,8504500,,,,,,,,,,,,,,,
Washington township,Gloucester,415508700,,,,,,,,,,,,,,,
Washington township,Morris,112888584,,,,,,,,,,,,,,,
Washington township,Warren,55207505,,,,,,,,,,,,,,,
Watchung borough,Somerset,78223652,,,,,,,,,,,,,,,
Waterford township,Camden,81718390,,,,,,,,,,,,,,,
Wayne township,Passaic,554417608,,,,,,,,,,,,,,,
Weehawken township,Hudson,59073929,,,,,,,,,,,,,,,
Wenonah borough,Gloucester,15257365,,,,,,,,,,,,,,,
West Amwell township,Hunterdon,26522990,,,,,,,,,,,,,,,
West Caldwell township,Essex,132522071,,,,,,,,,,,,,,,
West Deptford township,Gloucester,212270860,,,,,,,,,,,,,,,
West Long Branch borough,Monmouth,92878869,,,,,,,,,,,,,,,
West Milford township,Passaic,192073735,,,,,,,,,,,,,,,
West New York town,Hudson,121459920,,,,,,,,,,,,,,,
West Orange township,Essex,278656906,,,,,,,,,,,,,,,
West Windsor township,Mercer,409809955,,,,,,,,,,,,,,,
Westampton township,Burlington,115672880,,,,,,,,,,,,,,,
Westfield town,Union,180286277,,,,,,,,,,,,,,,
Pleasantville,Atlantic,180286277,,,,,,,,,,,,,,,
Westville borough,Gloucester,33055860,,,,,,,,,,,,,,,
Westwood borough,Bergen,79284944,,,,,,,,,,,,,,,
Wharton borough,Morris,74735176,,,,,,,,,,,,,,,
White township,Warren,31594995,,,,,,,,,,,,,,,
Willingboro township,Burlington,183972045,,,,,,,,,,,,,,,
Wildwood,Cape May, 31620315,,,,,,,,,,,,,,,
Winfield township,Union,5982113,,,,,,,,,,,,,,,
Winslow township,Camden,308833800,,,,,,,,,,,,,,,
Woodbridge township,Middlesex,901823687,,,,,,,,,,,,,,,
Woodbury city,Gloucester,106157330,,,,,,,,,,,,,,,
Woodbury Heights borough,Gloucester,31620315,,,,,,,,,,,,,,,
Woodcliff Lake borough,Bergen,60446421,,,,,,,,,,,,,,,
Woodland Park borough,Passaic,81845130,,,,,,,,,,,,,,,
Woodland township,Burlington,12858220,,,,,,,,,,,,,,,
Woodlynne borough,Camden,9850255,,,,,,,,,,,,,,,
Wood-Ridge borough,Bergen,51250318,,,,,,,,,,,,,,,
Woolwich township,Gloucester,118242845,,,,,,,,,,,,,,,
Wrightstown borough,Burlington,63068715,,,,,,,,,,,,,,,
Wyckoff township,Bergen,139318822,,,,,,,,,,,,,,,
